state,year,quarter,entity_name,entity_type,registered_users
andaman-&-nicobar-islands,2018,1,"south andaman",districts,5846
andaman-&-nicobar-islands,2018,1,"north and middle andaman",districts,632
andaman-&-nicobar-islands,2018,1,nicobars,districts,262
andaman-&-nicobar-islands,2018,1,744103,pincodes,1608
andaman-&-nicobar-islands,2018,1,744101,pincodes,1108
andaman-&-nicobar-islands,2018,1,744105,pincodes,1075
andaman-&-nicobar-islands,2018,1,744102,pincodes,1006
andaman-&-nicobar-islands,2018,1,744104,pincodes,272
andaman-&-nicobar-islands,2018,1,744202,pincodes,237
andaman-&-nicobar-islands,2018,1,744112,pincodes,215
andaman-&-nicobar-islands,2018,1,744301,pincodes,207
andaman-&-nicobar-islands,2018,1,744107,pincodes,196
andaman-&-nicobar-islands,2018,1,744211,pincodes,156
andaman-&-nicobar-islands,2018,2,"south andaman",districts,8143
andaman-&-nicobar-islands,2018,2,"north and middle andaman",districts,911
andaman-&-nicobar-islands,2018,2,nicobars,districts,351
andaman-&-nicobar-islands,2018,2,744103,pincodes,2188
andaman-&-nicobar-islands,2018,2,744101,pincodes,1521
andaman-&-nicobar-islands,2018,2,744105,pincodes,1492
andaman-&-nicobar-islands,2018,2,744102,pincodes,1419
andaman-&-nicobar-islands,2018,2,744104,pincodes,396
andaman-&-nicobar-islands,2018,2,744202,pincodes,343
andaman-&-nicobar-islands,2018,2,744112,pincodes,299
andaman-&-nicobar-islands,2018,2,744107,pincodes,293
andaman-&-nicobar-islands,2018,2,744301,pincodes,273
andaman-&-nicobar-islands,2018,2,744211,pincodes,240
andaman-&-nicobar-islands,2018,3,"south andaman",districts,10474
andaman-&-nicobar-islands,2018,3,"north and middle andaman",districts,1208
andaman-&-nicobar-islands,2018,3,nicobars,districts,467
andaman-&-nicobar-islands,2018,3,744103,pincodes,2741
andaman-&-nicobar-islands,2018,3,744101,pincodes,1978
andaman-&-nicobar-islands,2018,3,744105,pincodes,1935
andaman-&-nicobar-islands,2018,3,744102,pincodes,1803
andaman-&-nicobar-islands,2018,3,744104,pincodes,507
andaman-&-nicobar-islands,2018,3,744202,pincodes,446
andaman-&-nicobar-islands,2018,3,744112,pincodes,388
andaman-&-nicobar-islands,2018,3,744107,pincodes,384
andaman-&-nicobar-islands,2018,3,744301,pincodes,372
andaman-&-nicobar-islands,2018,3,744211,pincodes,327
andaman-&-nicobar-islands,2018,4,"south andaman",districts,13133
andaman-&-nicobar-islands,2018,4,"north and middle andaman",districts,1553
andaman-&-nicobar-islands,2018,4,nicobars,districts,536
andaman-&-nicobar-islands,2018,4,744103,pincodes,3373
andaman-&-nicobar-islands,2018,4,744101,pincodes,2498
andaman-&-nicobar-islands,2018,4,744105,pincodes,2416
andaman-&-nicobar-islands,2018,4,744102,pincodes,2231
andaman-&-nicobar-islands,2018,4,744104,pincodes,634
andaman-&-nicobar-islands,2018,4,744202,pincodes,554
andaman-&-nicobar-islands,2018,4,744107,pincodes,548
andaman-&-nicobar-islands,2018,4,744112,pincodes,496
andaman-&-nicobar-islands,2018,4,744211,pincodes,433
andaman-&-nicobar-islands,2018,4,744301,pincodes,425
andaman-&-nicobar-islands,2019,1,"south andaman",districts,15961
andaman-&-nicobar-islands,2019,1,"north and middle andaman",districts,2013
andaman-&-nicobar-islands,2019,1,nicobars,districts,622
andaman-&-nicobar-islands,2019,1,744103,pincodes,4136
andaman-&-nicobar-islands,2019,1,744101,pincodes,3030
andaman-&-nicobar-islands,2019,1,744105,pincodes,2994
andaman-&-nicobar-islands,2019,1,744102,pincodes,2667
andaman-&-nicobar-islands,2019,1,744104,pincodes,756
andaman-&-nicobar-islands,2019,1,744202,pincodes,753
andaman-&-nicobar-islands,2019,1,744107,pincodes,667
andaman-&-nicobar-islands,2019,1,744112,pincodes,585
andaman-&-nicobar-islands,2019,1,744211,pincodes,524
andaman-&-nicobar-islands,2019,1,744301,pincodes,488
andaman-&-nicobar-islands,2019,2,"south andaman",districts,18621
andaman-&-nicobar-islands,2019,2,"north and middle andaman",districts,2417
andaman-&-nicobar-islands,2019,2,nicobars,districts,693
andaman-&-nicobar-islands,2019,2,744103,pincodes,4748
andaman-&-nicobar-islands,2019,2,744101,pincodes,3631
andaman-&-nicobar-islands,2019,2,744105,pincodes,3547
andaman-&-nicobar-islands,2019,2,744102,pincodes,3008
andaman-&-nicobar-islands,2019,2,744202,pincodes,885
andaman-&-nicobar-islands,2019,2,744104,pincodes,878
andaman-&-nicobar-islands,2019,2,744107,pincodes,787
andaman-&-nicobar-islands,2019,2,744112,pincodes,672
andaman-&-nicobar-islands,2019,2,744211,pincodes,633
andaman-&-nicobar-islands,2019,2,744301,pincodes,534
andaman-&-nicobar-islands,2019,3,"south andaman",districts,20518
andaman-&-nicobar-islands,2019,3,"north and middle andaman",districts,2662
andaman-&-nicobar-islands,2019,3,nicobars,districts,751
andaman-&-nicobar-islands,2019,3,744103,pincodes,5218
andaman-&-nicobar-islands,2019,3,744101,pincodes,4026
andaman-&-nicobar-islands,2019,3,744105,pincodes,3920
andaman-&-nicobar-islands,2019,3,744102,pincodes,3250
andaman-&-nicobar-islands,2019,3,744202,pincodes,982
andaman-&-nicobar-islands,2019,3,744104,pincodes,975
andaman-&-nicobar-islands,2019,3,744107,pincodes,885
andaman-&-nicobar-islands,2019,3,744112,pincodes,765
andaman-&-nicobar-islands,2019,3,744211,pincodes,701
andaman-&-nicobar-islands,2019,3,744301,pincodes,575
andaman-&-nicobar-islands,2019,4,"south andaman",districts,22202
andaman-&-nicobar-islands,2019,4,"north and middle andaman",districts,2955
andaman-&-nicobar-islands,2019,4,nicobars,districts,803
andaman-&-nicobar-islands,2019,4,744103,pincodes,5637
andaman-&-nicobar-islands,2019,4,744101,pincodes,4321
andaman-&-nicobar-islands,2019,4,744105,pincodes,4277
andaman-&-nicobar-islands,2019,4,744102,pincodes,3485
andaman-&-nicobar-islands,2019,4,744202,pincodes,1087
andaman-&-nicobar-islands,2019,4,744104,pincodes,1062
andaman-&-nicobar-islands,2019,4,744107,pincodes,953
andaman-&-nicobar-islands,2019,4,744112,pincodes,812
andaman-&-nicobar-islands,2019,4,744211,pincodes,783
andaman-&-nicobar-islands,2019,4,744301,pincodes,611
andaman-&-nicobar-islands,2020,1,"south andaman",districts,24174
andaman-&-nicobar-islands,2020,1,"north and middle andaman",districts,3315
andaman-&-nicobar-islands,2020,1,nicobars,districts,879
andaman-&-nicobar-islands,2020,1,744103,pincodes,6108
andaman-&-nicobar-islands,2020,1,744101,pincodes,4689
andaman-&-nicobar-islands,2020,1,744105,pincodes,4684
andaman-&-nicobar-islands,2020,1,744102,pincodes,3727
andaman-&-nicobar-islands,2020,1,744202,pincodes,1216
andaman-&-nicobar-islands,2020,1,744104,pincodes,1154
andaman-&-nicobar-islands,2020,1,744107,pincodes,1062
andaman-&-nicobar-islands,2020,1,744112,pincodes,889
andaman-&-nicobar-islands,2020,1,744211,pincodes,886
andaman-&-nicobar-islands,2020,1,744301,pincodes,669
andaman-&-nicobar-islands,2020,2,"south andaman",districts,27626
andaman-&-nicobar-islands,2020,2,"north and middle andaman",districts,4100
andaman-&-nicobar-islands,2020,2,nicobars,districts,984
andaman-&-nicobar-islands,2020,2,744103,pincodes,6804
andaman-&-nicobar-islands,2020,2,744105,pincodes,5479
andaman-&-nicobar-islands,2020,2,744101,pincodes,5365
andaman-&-nicobar-islands,2020,2,744102,pincodes,4066
andaman-&-nicobar-islands,2020,2,744202,pincodes,1475
andaman-&-nicobar-islands,2020,2,744104,pincodes,1333
andaman-&-nicobar-islands,2020,2,744107,pincodes,1252
andaman-&-nicobar-islands,2020,2,744112,pincodes,1039
andaman-&-nicobar-islands,2020,2,744211,pincodes,1036
andaman-&-nicobar-islands,2020,2,744205,pincodes,806
andaman-&-nicobar-islands,2020,3,"south andaman",districts,34833
andaman-&-nicobar-islands,2020,3,"north and middle andaman",districts,5355
andaman-&-nicobar-islands,2020,3,nicobars,districts,1147
andaman-&-nicobar-islands,2020,3,744103,pincodes,8318
andaman-&-nicobar-islands,2020,3,744105,pincodes,7007
andaman-&-nicobar-islands,2020,3,744101,pincodes,6881
andaman-&-nicobar-islands,2020,3,744102,pincodes,4919
andaman-&-nicobar-islands,2020,3,744202,pincodes,1965
andaman-&-nicobar-islands,2020,3,744104,pincodes,1718
andaman-&-nicobar-islands,2020,3,744107,pincodes,1710
andaman-&-nicobar-islands,2020,3,744112,pincodes,1372
andaman-&-nicobar-islands,2020,3,744211,pincodes,1279
andaman-&-nicobar-islands,2020,3,744205,pincodes,1008
andaman-&-nicobar-islands,2020,4,"south andaman",districts,43908
andaman-&-nicobar-islands,2020,4,"north and middle andaman",districts,7076
andaman-&-nicobar-islands,2020,4,nicobars,districts,1412
andaman-&-nicobar-islands,2020,4,744103,pincodes,10408
andaman-&-nicobar-islands,2020,4,744105,pincodes,8962
andaman-&-nicobar-islands,2020,4,744101,pincodes,8593
andaman-&-nicobar-islands,2020,4,744102,pincodes,5882
andaman-&-nicobar-islands,2020,4,744202,pincodes,2711
andaman-&-nicobar-islands,2020,4,744107,pincodes,2346
andaman-&-nicobar-islands,2020,4,744104,pincodes,2167
andaman-&-nicobar-islands,2020,4,744112,pincodes,1761
andaman-&-nicobar-islands,2020,4,744211,pincodes,1579
andaman-&-nicobar-islands,2020,4,744205,pincodes,1346
andaman-&-nicobar-islands,2021,1,"south andaman",districts,48352
andaman-&-nicobar-islands,2021,1,"north and middle andaman",districts,7833
andaman-&-nicobar-islands,2021,1,nicobars,districts,1573
andaman-&-nicobar-islands,2021,1,744103,pincodes,11416
andaman-&-nicobar-islands,2021,1,744105,pincodes,9934
andaman-&-nicobar-islands,2021,1,744101,pincodes,9457
andaman-&-nicobar-islands,2021,1,744102,pincodes,6395
andaman-&-nicobar-islands,2021,1,744202,pincodes,3005
andaman-&-nicobar-islands,2021,1,744107,pincodes,2586
andaman-&-nicobar-islands,2021,1,744104,pincodes,2383
andaman-&-nicobar-islands,2021,1,744112,pincodes,1940
andaman-&-nicobar-islands,2021,1,744211,pincodes,1774
andaman-&-nicobar-islands,2021,1,744205,pincodes,1505
andaman-&-nicobar-islands,2021,2,"south andaman",districts,51903
andaman-&-nicobar-islands,2021,2,"north and middle andaman",districts,8493
andaman-&-nicobar-islands,2021,2,nicobars,districts,1699
andaman-&-nicobar-islands,2021,2,744103,pincodes,12268
andaman-&-nicobar-islands,2021,2,744105,pincodes,10668
andaman-&-nicobar-islands,2021,2,744101,pincodes,10120
andaman-&-nicobar-islands,2021,2,744102,pincodes,6837
andaman-&-nicobar-islands,2021,2,744202,pincodes,3261
andaman-&-nicobar-islands,2021,2,744107,pincodes,2783
andaman-&-nicobar-islands,2021,2,744104,pincodes,2573
andaman-&-nicobar-islands,2021,2,744112,pincodes,2083
andaman-&-nicobar-islands,2021,2,744211,pincodes,1904
andaman-&-nicobar-islands,2021,2,744205,pincodes,1626
andaman-&-nicobar-islands,2021,3,"south andaman",districts,55873
andaman-&-nicobar-islands,2021,3,"north and middle andaman",districts,9263
andaman-&-nicobar-islands,2021,3,nicobars,districts,1846
andaman-&-nicobar-islands,2021,3,744103,pincodes,13198
andaman-&-nicobar-islands,2021,3,744105,pincodes,11480
andaman-&-nicobar-islands,2021,3,744101,pincodes,10866
andaman-&-nicobar-islands,2021,3,744102,pincodes,7313
andaman-&-nicobar-islands,2021,3,744202,pincodes,3543
andaman-&-nicobar-islands,2021,3,744107,pincodes,3027
andaman-&-nicobar-islands,2021,3,744104,pincodes,2777
andaman-&-nicobar-islands,2021,3,744112,pincodes,2250
andaman-&-nicobar-islands,2021,3,744211,pincodes,2055
andaman-&-nicobar-islands,2021,3,744205,pincodes,1771
andaman-&-nicobar-islands,2021,4,"south andaman",districts,59807
andaman-&-nicobar-islands,2021,4,"north and middle andaman",districts,10002
andaman-&-nicobar-islands,2021,4,nicobars,districts,1971
andaman-&-nicobar-islands,2021,4,744103,pincodes,14127
andaman-&-nicobar-islands,2021,4,744105,pincodes,12300
andaman-&-nicobar-islands,2021,4,744101,pincodes,11623
andaman-&-nicobar-islands,2021,4,744102,pincodes,7813
andaman-&-nicobar-islands,2021,4,744202,pincodes,3815
andaman-&-nicobar-islands,2021,4,744107,pincodes,3247
andaman-&-nicobar-islands,2021,4,744104,pincodes,2962
andaman-&-nicobar-islands,2021,4,744112,pincodes,2411
andaman-&-nicobar-islands,2021,4,744211,pincodes,2200
andaman-&-nicobar-islands,2021,4,744205,pincodes,1902
andaman-&-nicobar-islands,2022,1,"south andaman",districts,63487
andaman-&-nicobar-islands,2022,1,"north and middle andaman",districts,10720
andaman-&-nicobar-islands,2022,1,nicobars,districts,2081
andaman-&-nicobar-islands,2022,1,744103,pincodes,15011
andaman-&-nicobar-islands,2022,1,744105,pincodes,13070
andaman-&-nicobar-islands,2022,1,744101,pincodes,12300
andaman-&-nicobar-islands,2022,1,744102,pincodes,8271
andaman-&-nicobar-islands,2022,1,744202,pincodes,4107
andaman-&-nicobar-islands,2022,1,744107,pincodes,3455
andaman-&-nicobar-islands,2022,1,744104,pincodes,3146
andaman-&-nicobar-islands,2022,1,744112,pincodes,2552
andaman-&-nicobar-islands,2022,1,744211,pincodes,2344
andaman-&-nicobar-islands,2022,1,744205,pincodes,2034
andaman-&-nicobar-islands,2022,2,"south andaman",districts,66959
andaman-&-nicobar-islands,2022,2,"north and middle andaman",districts,11379
andaman-&-nicobar-islands,2022,2,nicobars,districts,2192
andaman-&-nicobar-islands,2022,2,744103,pincodes,15799
andaman-&-nicobar-islands,2022,2,744105,pincodes,13791
andaman-&-nicobar-islands,2022,2,744101,pincodes,12947
andaman-&-nicobar-islands,2022,2,744102,pincodes,8709
andaman-&-nicobar-islands,2022,2,744202,pincodes,4361
andaman-&-nicobar-islands,2022,2,744107,pincodes,3674
andaman-&-nicobar-islands,2022,2,744104,pincodes,3319
andaman-&-nicobar-islands,2022,2,744112,pincodes,2700
andaman-&-nicobar-islands,2022,2,744211,pincodes,2471
andaman-&-nicobar-islands,2022,2,744205,pincodes,2162
andaman-&-nicobar-islands,2022,3,"south andaman",districts,70445
andaman-&-nicobar-islands,2022,3,"north and middle andaman",districts,11897
andaman-&-nicobar-islands,2022,3,nicobars,districts,2300
andaman-&-nicobar-islands,2022,3,744103,pincodes,16666
andaman-&-nicobar-islands,2022,3,744105,pincodes,14503
andaman-&-nicobar-islands,2022,3,744101,pincodes,13649
andaman-&-nicobar-islands,2022,3,744102,pincodes,9148
andaman-&-nicobar-islands,2022,3,744202,pincodes,4572
andaman-&-nicobar-islands,2022,3,744107,pincodes,3868
andaman-&-nicobar-islands,2022,3,744104,pincodes,3493
andaman-&-nicobar-islands,2022,3,744112,pincodes,2837
andaman-&-nicobar-islands,2022,3,744211,pincodes,2577
andaman-&-nicobar-islands,2022,3,744205,pincodes,2268
andaman-&-nicobar-islands,2022,4,"south andaman",districts,73692
andaman-&-nicobar-islands,2022,4,"north and middle andaman",districts,12361
andaman-&-nicobar-islands,2022,4,nicobars,districts,2389
andaman-&-nicobar-islands,2022,4,744103,pincodes,17406
andaman-&-nicobar-islands,2022,4,744105,pincodes,15185
andaman-&-nicobar-islands,2022,4,744101,pincodes,14337
andaman-&-nicobar-islands,2022,4,744102,pincodes,9591
andaman-&-nicobar-islands,2022,4,744202,pincodes,4760
andaman-&-nicobar-islands,2022,4,744107,pincodes,4051
andaman-&-nicobar-islands,2022,4,744104,pincodes,3647
andaman-&-nicobar-islands,2022,4,744112,pincodes,2975
andaman-&-nicobar-islands,2022,4,744211,pincodes,2679
andaman-&-nicobar-islands,2022,4,744205,pincodes,2358
andaman-&-nicobar-islands,2023,1,"south andaman",districts,77052
andaman-&-nicobar-islands,2023,1,"north and middle andaman",districts,12941
andaman-&-nicobar-islands,2023,1,nicobars,districts,2491
andaman-&-nicobar-islands,2023,1,744103,pincodes,18209
andaman-&-nicobar-islands,2023,1,744105,pincodes,15848
andaman-&-nicobar-islands,2023,1,744101,pincodes,15006
andaman-&-nicobar-islands,2023,1,744102,pincodes,10033
andaman-&-nicobar-islands,2023,1,744202,pincodes,4993
andaman-&-nicobar-islands,2023,1,744107,pincodes,4239
andaman-&-nicobar-islands,2023,1,744104,pincodes,3795
andaman-&-nicobar-islands,2023,1,744112,pincodes,3141
andaman-&-nicobar-islands,2023,1,744211,pincodes,2792
andaman-&-nicobar-islands,2023,1,744205,pincodes,2480
andaman-&-nicobar-islands,2023,2,"south andaman",districts,80112
andaman-&-nicobar-islands,2023,2,"north and middle andaman",districts,13600
andaman-&-nicobar-islands,2023,2,nicobars,districts,2617
andaman-&-nicobar-islands,2023,2,744103,pincodes,18944
andaman-&-nicobar-islands,2023,2,744105,pincodes,16488
andaman-&-nicobar-islands,2023,2,744101,pincodes,15562
andaman-&-nicobar-islands,2023,2,744102,pincodes,10387
andaman-&-nicobar-islands,2023,2,744202,pincodes,5239
andaman-&-nicobar-islands,2023,2,744107,pincodes,4425
andaman-&-nicobar-islands,2023,2,744104,pincodes,3937
andaman-&-nicobar-islands,2023,2,744112,pincodes,3261
andaman-&-nicobar-islands,2023,2,744211,pincodes,2917
andaman-&-nicobar-islands,2023,2,744205,pincodes,2605
andaman-&-nicobar-islands,2023,3,"south andaman",districts,83305
andaman-&-nicobar-islands,2023,3,"north and middle andaman",districts,14216
andaman-&-nicobar-islands,2023,3,nicobars,districts,2734
andaman-&-nicobar-islands,2023,3,744103,pincodes,19673
andaman-&-nicobar-islands,2023,3,744105,pincodes,17171
andaman-&-nicobar-islands,2023,3,744101,pincodes,16188
andaman-&-nicobar-islands,2023,3,744102,pincodes,10799
andaman-&-nicobar-islands,2023,3,744202,pincodes,5480
andaman-&-nicobar-islands,2023,3,744107,pincodes,4591
andaman-&-nicobar-islands,2023,3,744104,pincodes,4082
andaman-&-nicobar-islands,2023,3,744112,pincodes,3382
andaman-&-nicobar-islands,2023,3,744211,pincodes,3033
andaman-&-nicobar-islands,2023,3,744205,pincodes,2716
andaman-&-nicobar-islands,2023,4,"south andaman",districts,86348
andaman-&-nicobar-islands,2023,4,"north and middle andaman",districts,14813
andaman-&-nicobar-islands,2023,4,nicobars,districts,2817
andaman-&-nicobar-islands,2023,4,744103,pincodes,20431
andaman-&-nicobar-islands,2023,4,744105,pincodes,17824
andaman-&-nicobar-islands,2023,4,744101,pincodes,16772
andaman-&-nicobar-islands,2023,4,744102,pincodes,11155
andaman-&-nicobar-islands,2023,4,744202,pincodes,5700
andaman-&-nicobar-islands,2023,4,744107,pincodes,4759
andaman-&-nicobar-islands,2023,4,744104,pincodes,4224
andaman-&-nicobar-islands,2023,4,744112,pincodes,3496
andaman-&-nicobar-islands,2023,4,744211,pincodes,3141
andaman-&-nicobar-islands,2023,4,744205,pincodes,2822
andaman-&-nicobar-islands,2024,1,"south andaman",districts,89907
andaman-&-nicobar-islands,2024,1,"north and middle andaman",districts,15539
andaman-&-nicobar-islands,2024,1,nicobars,districts,2965
andaman-&-nicobar-islands,2024,1,744103,pincodes,21242
andaman-&-nicobar-islands,2024,1,744105,pincodes,18563
andaman-&-nicobar-islands,2024,1,744101,pincodes,17431
andaman-&-nicobar-islands,2024,1,744102,pincodes,11589
andaman-&-nicobar-islands,2024,1,744202,pincodes,5978
andaman-&-nicobar-islands,2024,1,744107,pincodes,5006
andaman-&-nicobar-islands,2024,1,744104,pincodes,4398
andaman-&-nicobar-islands,2024,1,744112,pincodes,3629
andaman-&-nicobar-islands,2024,1,744211,pincodes,3292
andaman-&-nicobar-islands,2024,1,744205,pincodes,2975
andaman-&-nicobar-islands,2024,2,"south andaman",districts,93421
andaman-&-nicobar-islands,2024,2,"north and middle andaman",districts,16183
andaman-&-nicobar-islands,2024,2,nicobars,districts,3083
andaman-&-nicobar-islands,2024,2,744103,pincodes,22049
andaman-&-nicobar-islands,2024,2,744105,pincodes,19314
andaman-&-nicobar-islands,2024,2,744101,pincodes,18110
andaman-&-nicobar-islands,2024,2,744102,pincodes,12053
andaman-&-nicobar-islands,2024,2,744202,pincodes,6212
andaman-&-nicobar-islands,2024,2,744107,pincodes,5184
andaman-&-nicobar-islands,2024,2,744104,pincodes,4570
andaman-&-nicobar-islands,2024,2,744112,pincodes,3761
andaman-&-nicobar-islands,2024,2,744211,pincodes,3409
andaman-&-nicobar-islands,2024,2,744205,pincodes,3090
andaman-&-nicobar-islands,2024,3,"south andaman",districts,143250
andaman-&-nicobar-islands,2024,3,"north and middle andaman",districts,21728
andaman-&-nicobar-islands,2024,3,nicobar,districts,7495
andaman-&-nicobar-islands,2024,3,744103,pincodes,42228
andaman-&-nicobar-islands,2024,3,744105,pincodes,22090
andaman-&-nicobar-islands,2024,3,744102,pincodes,17618
andaman-&-nicobar-islands,2024,3,744104,pincodes,17606
andaman-&-nicobar-islands,2024,3,744101,pincodes,11136
andaman-&-nicobar-islands,2024,3,744202,pincodes,9206
andaman-&-nicobar-islands,2024,3,744106,pincodes,7682
andaman-&-nicobar-islands,2024,3,744211,pincodes,7045
andaman-&-nicobar-islands,2024,3,744107,pincodes,6127
andaman-&-nicobar-islands,2024,3,744301,pincodes,4126
andaman-&-nicobar-islands,2024,4,"south andaman",districts,148543
andaman-&-nicobar-islands,2024,4,"north and middle andaman",districts,22547
andaman-&-nicobar-islands,2024,4,nicobar,districts,7698
andaman-&-nicobar-islands,2024,4,744103,pincodes,43485
andaman-&-nicobar-islands,2024,4,744105,pincodes,22976
andaman-&-nicobar-islands,2024,4,744104,pincodes,18509
andaman-&-nicobar-islands,2024,4,744102,pincodes,18169
andaman-&-nicobar-islands,2024,4,744101,pincodes,11564
andaman-&-nicobar-islands,2024,4,744202,pincodes,9545
andaman-&-nicobar-islands,2024,4,744106,pincodes,7974
andaman-&-nicobar-islands,2024,4,744211,pincodes,7337
andaman-&-nicobar-islands,2024,4,744107,pincodes,6333
andaman-&-nicobar-islands,2024,4,744301,pincodes,4221
andhra-pradesh,2018,1,visakhapatnam,districts,497187
andhra-pradesh,2018,1,"east godavari",districts,350356
andhra-pradesh,2018,1,krishna,districts,323673
andhra-pradesh,2018,1,guntur,districts,317065
andhra-pradesh,2018,1,chittoor,districts,309541
andhra-pradesh,2018,1,anantapur,districts,241192
andhra-pradesh,2018,1,kurnool,districts,240133
andhra-pradesh,2018,1,"west godavari",districts,213335
andhra-pradesh,2018,1,"spsr nellore",districts,194475
andhra-pradesh,2018,1,prakasam,districts,189949
andhra-pradesh,2018,1,517501,pincodes,39884
andhra-pradesh,2018,1,530016,pincodes,34201
andhra-pradesh,2018,1,517507,pincodes,34111
andhra-pradesh,2018,1,515001,pincodes,31964
andhra-pradesh,2018,1,516001,pincodes,29078
andhra-pradesh,2018,1,518002,pincodes,29043
andhra-pradesh,2018,1,530026,pincodes,26889
andhra-pradesh,2018,1,516360,pincodes,26187
andhra-pradesh,2018,1,520010,pincodes,24397
andhra-pradesh,2018,1,524002,pincodes,23439
andhra-pradesh,2018,2,visakhapatnam,districts,636052
andhra-pradesh,2018,2,"east godavari",districts,454398
andhra-pradesh,2018,2,krishna,districts,431965
andhra-pradesh,2018,2,guntur,districts,420326
andhra-pradesh,2018,2,chittoor,districts,414306
andhra-pradesh,2018,2,anantapur,districts,326383
andhra-pradesh,2018,2,kurnool,districts,319313
andhra-pradesh,2018,2,"west godavari",districts,282393
andhra-pradesh,2018,2,"spsr nellore",districts,261049
andhra-pradesh,2018,2,prakasam,districts,253458
andhra-pradesh,2018,2,517501,pincodes,53468
andhra-pradesh,2018,2,517507,pincodes,45241
andhra-pradesh,2018,2,530016,pincodes,43386
andhra-pradesh,2018,2,515001,pincodes,42466
andhra-pradesh,2018,2,516001,pincodes,38402
andhra-pradesh,2018,2,518002,pincodes,37593
andhra-pradesh,2018,2,516360,pincodes,34544
andhra-pradesh,2018,2,530026,pincodes,34126
andhra-pradesh,2018,2,520010,pincodes,31871
andhra-pradesh,2018,2,524002,pincodes,31134
andhra-pradesh,2018,3,visakhapatnam,districts,769096
andhra-pradesh,2018,3,"east godavari",districts,558982
andhra-pradesh,2018,3,krishna,districts,537086
andhra-pradesh,2018,3,guntur,districts,518931
andhra-pradesh,2018,3,chittoor,districts,515727
andhra-pradesh,2018,3,anantapur,districts,405855
andhra-pradesh,2018,3,kurnool,districts,394311
andhra-pradesh,2018,3,"west godavari",districts,349782
andhra-pradesh,2018,3,"spsr nellore",districts,322446
andhra-pradesh,2018,3,prakasam,districts,314899
andhra-pradesh,2018,3,517501,pincodes,65157
andhra-pradesh,2018,3,517507,pincodes,54849
andhra-pradesh,2018,3,530016,pincodes,52259
andhra-pradesh,2018,3,515001,pincodes,51449
andhra-pradesh,2018,3,516001,pincodes,46691
andhra-pradesh,2018,3,518002,pincodes,45145
andhra-pradesh,2018,3,516360,pincodes,41963
andhra-pradesh,2018,3,530026,pincodes,40580
andhra-pradesh,2018,3,520010,pincodes,38918
andhra-pradesh,2018,3,524002,pincodes,37559
andhra-pradesh,2018,4,visakhapatnam,districts,978288
andhra-pradesh,2018,4,"east godavari",districts,694455
andhra-pradesh,2018,4,krishna,districts,682479
andhra-pradesh,2018,4,chittoor,districts,665280
andhra-pradesh,2018,4,guntur,districts,659552
andhra-pradesh,2018,4,anantapur,districts,510892
andhra-pradesh,2018,4,kurnool,districts,498582
andhra-pradesh,2018,4,"west godavari",districts,435668
andhra-pradesh,2018,4,"spsr nellore",districts,407495
andhra-pradesh,2018,4,prakasam,districts,394962
andhra-pradesh,2018,4,517501,pincodes,82873
andhra-pradesh,2018,4,517507,pincodes,70421
andhra-pradesh,2018,4,530016,pincodes,65549
andhra-pradesh,2018,4,515001,pincodes,63576
andhra-pradesh,2018,4,516001,pincodes,58028
andhra-pradesh,2018,4,518002,pincodes,55735
andhra-pradesh,2018,4,516360,pincodes,52058
andhra-pradesh,2018,4,530026,pincodes,51900
andhra-pradesh,2018,4,520010,pincodes,48991
andhra-pradesh,2018,4,524002,pincodes,46616
andhra-pradesh,2019,1,visakhapatnam,districts,1174517
andhra-pradesh,2019,1,"east godavari",districts,839277
andhra-pradesh,2019,1,krishna,districts,833694
andhra-pradesh,2019,1,chittoor,districts,812314
andhra-pradesh,2019,1,guntur,districts,802394
andhra-pradesh,2019,1,anantapur,districts,612162
andhra-pradesh,2019,1,kurnool,districts,599422
andhra-pradesh,2019,1,"west godavari",districts,523372
andhra-pradesh,2019,1,"spsr nellore",districts,491908
andhra-pradesh,2019,1,prakasam,districts,474260
andhra-pradesh,2019,1,517501,pincodes,100561
andhra-pradesh,2019,1,517507,pincodes,85980
andhra-pradesh,2019,1,530016,pincodes,77790
andhra-pradesh,2019,1,515001,pincodes,75171
andhra-pradesh,2019,1,516001,pincodes,68514
andhra-pradesh,2019,1,518002,pincodes,66689
andhra-pradesh,2019,1,530026,pincodes,61623
andhra-pradesh,2019,1,516360,pincodes,60798
andhra-pradesh,2019,1,520010,pincodes,59055
andhra-pradesh,2019,1,524002,pincodes,55931
andhra-pradesh,2019,2,visakhapatnam,districts,1318740
andhra-pradesh,2019,2,krishna,districts,952300
andhra-pradesh,2019,2,"east godavari",districts,945181
andhra-pradesh,2019,2,chittoor,districts,925491
andhra-pradesh,2019,2,guntur,districts,915256
andhra-pradesh,2019,2,anantapur,districts,695114
andhra-pradesh,2019,2,kurnool,districts,680118
andhra-pradesh,2019,2,"west godavari",districts,592185
andhra-pradesh,2019,2,"spsr nellore",districts,558303
andhra-pradesh,2019,2,prakasam,districts,539462
andhra-pradesh,2019,2,517501,pincodes,113033
andhra-pradesh,2019,2,517507,pincodes,97534
andhra-pradesh,2019,2,530016,pincodes,87556
andhra-pradesh,2019,2,515001,pincodes,84157
andhra-pradesh,2019,2,516001,pincodes,76617
andhra-pradesh,2019,2,518002,pincodes,75952
andhra-pradesh,2019,2,530026,pincodes,68283
andhra-pradesh,2019,2,516360,pincodes,66885
andhra-pradesh,2019,2,520010,pincodes,66082
andhra-pradesh,2019,2,524002,pincodes,62933
andhra-pradesh,2019,3,visakhapatnam,districts,1460464
andhra-pradesh,2019,3,krishna,districts,1066546
andhra-pradesh,2019,3,"east godavari",districts,1057167
andhra-pradesh,2019,3,chittoor,districts,1032733
andhra-pradesh,2019,3,guntur,districts,1026418
andhra-pradesh,2019,3,anantapur,districts,773656
andhra-pradesh,2019,3,kurnool,districts,755024
andhra-pradesh,2019,3,"west godavari",districts,662102
andhra-pradesh,2019,3,"spsr nellore",districts,619592
andhra-pradesh,2019,3,prakasam,districts,598568
andhra-pradesh,2019,3,517501,pincodes,124727
andhra-pradesh,2019,3,517507,pincodes,108199
andhra-pradesh,2019,3,530016,pincodes,97323
andhra-pradesh,2019,3,515001,pincodes,93191
andhra-pradesh,2019,3,518002,pincodes,84918
andhra-pradesh,2019,3,516001,pincodes,84693
andhra-pradesh,2019,3,530026,pincodes,74501
andhra-pradesh,2019,3,516360,pincodes,73267
andhra-pradesh,2019,3,520010,pincodes,72722
andhra-pradesh,2019,3,524002,pincodes,69783
andhra-pradesh,2019,4,visakhapatnam,districts,1620235
andhra-pradesh,2019,4,krishna,districts,1199971
andhra-pradesh,2019,4,"east godavari",districts,1195228
andhra-pradesh,2019,4,guntur,districts,1158708
andhra-pradesh,2019,4,chittoor,districts,1156351
andhra-pradesh,2019,4,anantapur,districts,873033
andhra-pradesh,2019,4,kurnool,districts,846885
andhra-pradesh,2019,4,"west godavari",districts,750078
andhra-pradesh,2019,4,"spsr nellore",districts,697154
andhra-pradesh,2019,4,prakasam,districts,673522
andhra-pradesh,2019,4,517501,pincodes,136436
andhra-pradesh,2019,4,517507,pincodes,119146
andhra-pradesh,2019,4,530016,pincodes,106404
andhra-pradesh,2019,4,515001,pincodes,102848
andhra-pradesh,2019,4,516001,pincodes,94209
andhra-pradesh,2019,4,518002,pincodes,94193
andhra-pradesh,2019,4,516360,pincodes,81619
andhra-pradesh,2019,4,530026,pincodes,81191
andhra-pradesh,2019,4,520010,pincodes,79453
andhra-pradesh,2019,4,524002,pincodes,77681
andhra-pradesh,2020,1,visakhapatnam,districts,1763581
andhra-pradesh,2020,1,krishna,districts,1331602
andhra-pradesh,2020,1,"east godavari",districts,1329664
andhra-pradesh,2020,1,guntur,districts,1289678
andhra-pradesh,2020,1,chittoor,districts,1270907
andhra-pradesh,2020,1,anantapur,districts,971850
andhra-pradesh,2020,1,kurnool,districts,936293
andhra-pradesh,2020,1,"west godavari",districts,843835
andhra-pradesh,2020,1,"spsr nellore",districts,775440
andhra-pradesh,2020,1,prakasam,districts,748655
andhra-pradesh,2020,1,517501,pincodes,146823
andhra-pradesh,2020,1,517507,pincodes,129214
andhra-pradesh,2020,1,530016,pincodes,114042
andhra-pradesh,2020,1,515001,pincodes,111359
andhra-pradesh,2020,1,518002,pincodes,102905
andhra-pradesh,2020,1,516001,pincodes,102893
andhra-pradesh,2020,1,516360,pincodes,89774
andhra-pradesh,2020,1,530026,pincodes,87449
andhra-pradesh,2020,1,524002,pincodes,85878
andhra-pradesh,2020,1,520010,pincodes,85779
andhra-pradesh,2020,2,visakhapatnam,districts,1904719
andhra-pradesh,2020,2,"east godavari",districts,1459116
andhra-pradesh,2020,2,krishna,districts,1459041
andhra-pradesh,2020,2,guntur,districts,1426271
andhra-pradesh,2020,2,chittoor,districts,1385916
andhra-pradesh,2020,2,anantapur,districts,1076953
andhra-pradesh,2020,2,kurnool,districts,1035093
andhra-pradesh,2020,2,"west godavari",districts,944829
andhra-pradesh,2020,2,"spsr nellore",districts,854459
andhra-pradesh,2020,2,prakasam,districts,830709
andhra-pradesh,2020,2,517501,pincodes,156221
andhra-pradesh,2020,2,517507,pincodes,138735
andhra-pradesh,2020,2,530016,pincodes,120621
andhra-pradesh,2020,2,515001,pincodes,119223
andhra-pradesh,2020,2,518002,pincodes,112673
andhra-pradesh,2020,2,516001,pincodes,111898
andhra-pradesh,2020,2,516360,pincodes,98803
andhra-pradesh,2020,2,524002,pincodes,93834
andhra-pradesh,2020,2,530026,pincodes,93224
andhra-pradesh,2020,2,520010,pincodes,91299
andhra-pradesh,2020,3,visakhapatnam,districts,2058346
andhra-pradesh,2020,3,"east godavari",districts,1601940
andhra-pradesh,2020,3,krishna,districts,1599289
andhra-pradesh,2020,3,guntur,districts,1567595
andhra-pradesh,2020,3,chittoor,districts,1506503
andhra-pradesh,2020,3,anantapur,districts,1186851
andhra-pradesh,2020,3,kurnool,districts,1132240
andhra-pradesh,2020,3,"west godavari",districts,1053674
andhra-pradesh,2020,3,"spsr nellore",districts,937176
andhra-pradesh,2020,3,prakasam,districts,915240
andhra-pradesh,2020,3,517501,pincodes,166768
andhra-pradesh,2020,3,517507,pincodes,149001
andhra-pradesh,2020,3,515001,pincodes,128227
andhra-pradesh,2020,3,530016,pincodes,128059
andhra-pradesh,2020,3,518002,pincodes,121529
andhra-pradesh,2020,3,516001,pincodes,120997
andhra-pradesh,2020,3,516360,pincodes,108073
andhra-pradesh,2020,3,524002,pincodes,102103
andhra-pradesh,2020,3,530026,pincodes,99754
andhra-pradesh,2020,3,520010,pincodes,97752
andhra-pradesh,2020,4,visakhapatnam,districts,2209658
andhra-pradesh,2020,4,"east godavari",districts,1746280
andhra-pradesh,2020,4,krishna,districts,1744028
andhra-pradesh,2020,4,guntur,districts,1712940
andhra-pradesh,2020,4,chittoor,districts,1631331
andhra-pradesh,2020,4,anantapur,districts,1295872
andhra-pradesh,2020,4,kurnool,districts,1230466
andhra-pradesh,2020,4,"west godavari",districts,1163179
andhra-pradesh,2020,4,"spsr nellore",districts,1022944
andhra-pradesh,2020,4,prakasam,districts,999462
andhra-pradesh,2020,4,517501,pincodes,178328
andhra-pradesh,2020,4,517507,pincodes,160062
andhra-pradesh,2020,4,515001,pincodes,137945
andhra-pradesh,2020,4,530016,pincodes,136049
andhra-pradesh,2020,4,518002,pincodes,130871
andhra-pradesh,2020,4,516001,pincodes,130500
andhra-pradesh,2020,4,516360,pincodes,117397
andhra-pradesh,2020,4,524002,pincodes,110746
andhra-pradesh,2020,4,530026,pincodes,106320
andhra-pradesh,2020,4,520010,pincodes,104956
andhra-pradesh,2021,1,visakhapatnam,districts,2368081
andhra-pradesh,2021,1,"east godavari",districts,1878769
andhra-pradesh,2021,1,krishna,districts,1876458
andhra-pradesh,2021,1,guntur,districts,1843237
andhra-pradesh,2021,1,chittoor,districts,1751420
andhra-pradesh,2021,1,anantapur,districts,1394849
andhra-pradesh,2021,1,kurnool,districts,1323411
andhra-pradesh,2021,1,"west godavari",districts,1254117
andhra-pradesh,2021,1,"spsr nellore",districts,1100541
andhra-pradesh,2021,1,prakasam,districts,1075936
andhra-pradesh,2021,1,517501,pincodes,190712
andhra-pradesh,2021,1,517507,pincodes,171417
andhra-pradesh,2021,1,515001,pincodes,147941
andhra-pradesh,2021,1,530016,pincodes,145206
andhra-pradesh,2021,1,518002,pincodes,140153
andhra-pradesh,2021,1,516001,pincodes,139840
andhra-pradesh,2021,1,516360,pincodes,126260
andhra-pradesh,2021,1,524002,pincodes,118730
andhra-pradesh,2021,1,530026,pincodes,113581
andhra-pradesh,2021,1,520010,pincodes,112324
andhra-pradesh,2021,2,visakhapatnam,districts,2526830
andhra-pradesh,2021,2,"east godavari",districts,2006272
andhra-pradesh,2021,2,krishna,districts,2002662
andhra-pradesh,2021,2,guntur,districts,1968681
andhra-pradesh,2021,2,chittoor,districts,1870723
andhra-pradesh,2021,2,anantapur,districts,1492738
andhra-pradesh,2021,2,kurnool,districts,1415585
andhra-pradesh,2021,2,"west godavari",districts,1339377
andhra-pradesh,2021,2,"spsr nellore",districts,1176334
andhra-pradesh,2021,2,prakasam,districts,1151232
andhra-pradesh,2021,2,517501,pincodes,203005
andhra-pradesh,2021,2,517507,pincodes,182425
andhra-pradesh,2021,2,515001,pincodes,157649
andhra-pradesh,2021,2,530016,pincodes,154509
andhra-pradesh,2021,2,518002,pincodes,149368
andhra-pradesh,2021,2,516001,pincodes,148851
andhra-pradesh,2021,2,516360,pincodes,134622
andhra-pradesh,2021,2,524002,pincodes,126459
andhra-pradesh,2021,2,530026,pincodes,120973
andhra-pradesh,2021,2,520010,pincodes,119561
andhra-pradesh,2021,3,visakhapatnam,districts,2707931
andhra-pradesh,2021,3,"east godavari",districts,2150622
andhra-pradesh,2021,3,krishna,districts,2145423
andhra-pradesh,2021,3,guntur,districts,2110878
andhra-pradesh,2021,3,chittoor,districts,2007011
andhra-pradesh,2021,3,anantapur,districts,1606735
andhra-pradesh,2021,3,kurnool,districts,1522196
andhra-pradesh,2021,3,"west godavari",districts,1436576
andhra-pradesh,2021,3,"spsr nellore",districts,1263550
andhra-pradesh,2021,3,prakasam,districts,1239147
andhra-pradesh,2021,3,517501,pincodes,216777
andhra-pradesh,2021,3,517507,pincodes,194860
andhra-pradesh,2021,3,515001,pincodes,168654
andhra-pradesh,2021,3,530016,pincodes,164812
andhra-pradesh,2021,3,518002,pincodes,159802
andhra-pradesh,2021,3,516001,pincodes,158891
andhra-pradesh,2021,3,516360,pincodes,144068
andhra-pradesh,2021,3,524002,pincodes,135136
andhra-pradesh,2021,3,530026,pincodes,129270
andhra-pradesh,2021,3,520010,pincodes,127618
andhra-pradesh,2021,4,visakhapatnam,districts,2888774
andhra-pradesh,2021,4,"east godavari",districts,2294347
andhra-pradesh,2021,4,krishna,districts,2288148
andhra-pradesh,2021,4,guntur,districts,2252443
andhra-pradesh,2021,4,chittoor,districts,2141818
andhra-pradesh,2021,4,anantapur,districts,1719437
andhra-pradesh,2021,4,kurnool,districts,1628242
andhra-pradesh,2021,4,"west godavari",districts,1532898
andhra-pradesh,2021,4,"spsr nellore",districts,1349290
andhra-pradesh,2021,4,prakasam,districts,1325728
andhra-pradesh,2021,4,517501,pincodes,230688
andhra-pradesh,2021,4,517507,pincodes,207174
andhra-pradesh,2021,4,515001,pincodes,179763
andhra-pradesh,2021,4,530016,pincodes,175300
andhra-pradesh,2021,4,518002,pincodes,170267
andhra-pradesh,2021,4,516001,pincodes,169158
andhra-pradesh,2021,4,516360,pincodes,153381
andhra-pradesh,2021,4,524002,pincodes,143764
andhra-pradesh,2021,4,530026,pincodes,137812
andhra-pradesh,2021,4,520010,pincodes,135719
andhra-pradesh,2022,1,visakhapatnam,districts,3061324
andhra-pradesh,2022,1,"east godavari",districts,2432305
andhra-pradesh,2022,1,krishna,districts,2423373
andhra-pradesh,2022,1,guntur,districts,2387051
andhra-pradesh,2022,1,chittoor,districts,2270705
andhra-pradesh,2022,1,anantapur,districts,1827094
andhra-pradesh,2022,1,kurnool,districts,1729513
andhra-pradesh,2022,1,"west godavari",districts,1626039
andhra-pradesh,2022,1,"spsr nellore",districts,1431664
andhra-pradesh,2022,1,prakasam,districts,1408929
andhra-pradesh,2022,1,517501,pincodes,243791
andhra-pradesh,2022,1,517507,pincodes,218905
andhra-pradesh,2022,1,515001,pincodes,190203
andhra-pradesh,2022,1,530016,pincodes,185094
andhra-pradesh,2022,1,518002,pincodes,180102
andhra-pradesh,2022,1,516001,pincodes,179007
andhra-pradesh,2022,1,516360,pincodes,162263
andhra-pradesh,2022,1,524002,pincodes,151939
andhra-pradesh,2022,1,530026,pincodes,145842
andhra-pradesh,2022,1,520010,pincodes,143308
andhra-pradesh,2022,2,visakhapatnam,districts,3226029
andhra-pradesh,2022,2,"east godavari",districts,2564165
andhra-pradesh,2022,2,krishna,districts,2552107
andhra-pradesh,2022,2,guntur,districts,2514794
andhra-pradesh,2022,2,chittoor,districts,2392549
andhra-pradesh,2022,2,anantapur,districts,1928213
andhra-pradesh,2022,2,kurnool,districts,1825280
andhra-pradesh,2022,2,"west godavari",districts,1714357
andhra-pradesh,2022,2,"spsr nellore",districts,1509927
andhra-pradesh,2022,2,prakasam,districts,1487589
andhra-pradesh,2022,2,517501,pincodes,256290
andhra-pradesh,2022,2,517507,pincodes,229983
andhra-pradesh,2022,2,515001,pincodes,200266
andhra-pradesh,2022,2,530016,pincodes,194513
andhra-pradesh,2022,2,518002,pincodes,189505
andhra-pradesh,2022,2,516001,pincodes,188295
andhra-pradesh,2022,2,516360,pincodes,170855
andhra-pradesh,2022,2,524002,pincodes,159834
andhra-pradesh,2022,2,530026,pincodes,153586
andhra-pradesh,2022,2,520010,pincodes,150546
andhra-pradesh,2022,3,visakhapatnam,districts,3397514
andhra-pradesh,2022,3,"east godavari",districts,2702234
andhra-pradesh,2022,3,krishna,districts,2685215
andhra-pradesh,2022,3,guntur,districts,2647100
andhra-pradesh,2022,3,chittoor,districts,2517657
andhra-pradesh,2022,3,anantapur,districts,2030824
andhra-pradesh,2022,3,kurnool,districts,1924127
andhra-pradesh,2022,3,"west godavari",districts,1805967
andhra-pradesh,2022,3,"spsr nellore",districts,1588875
andhra-pradesh,2022,3,prakasam,districts,1567520
andhra-pradesh,2022,3,517501,pincodes,269370
andhra-pradesh,2022,3,517507,pincodes,241720
andhra-pradesh,2022,3,515001,pincodes,210661
andhra-pradesh,2022,3,530016,pincodes,204230
andhra-pradesh,2022,3,518002,pincodes,199354
andhra-pradesh,2022,3,516001,pincodes,197910
andhra-pradesh,2022,3,516360,pincodes,179806
andhra-pradesh,2022,3,524002,pincodes,168015
andhra-pradesh,2022,3,530026,pincodes,161715
andhra-pradesh,2022,3,520010,pincodes,158071
andhra-pradesh,2022,4,visakhapatnam,districts,3566854
andhra-pradesh,2022,4,"east godavari",districts,2835087
andhra-pradesh,2022,4,krishna,districts,2813645
andhra-pradesh,2022,4,guntur,districts,2774365
andhra-pradesh,2022,4,chittoor,districts,2636036
andhra-pradesh,2022,4,anantapur,districts,2128066
andhra-pradesh,2022,4,kurnool,districts,2018290
andhra-pradesh,2022,4,"west godavari",districts,1893310
andhra-pradesh,2022,4,"spsr nellore",districts,1663684
andhra-pradesh,2022,4,prakasam,districts,1642503
andhra-pradesh,2022,4,517501,pincodes,282766
andhra-pradesh,2022,4,517507,pincodes,253314
andhra-pradesh,2022,4,515001,pincodes,221328
andhra-pradesh,2022,4,530016,pincodes,214155
andhra-pradesh,2022,4,518002,pincodes,209376
andhra-pradesh,2022,4,516001,pincodes,207725
andhra-pradesh,2022,4,516360,pincodes,188768
andhra-pradesh,2022,4,524002,pincodes,176415
andhra-pradesh,2022,4,530026,pincodes,169957
andhra-pradesh,2022,4,520010,pincodes,165734
andhra-pradesh,2023,1,visakhapatnam,districts,3732544
andhra-pradesh,2023,1,"east godavari",districts,2965296
andhra-pradesh,2023,1,krishna,districts,2941585
andhra-pradesh,2023,1,guntur,districts,2900895
andhra-pradesh,2023,1,chittoor,districts,2755784
andhra-pradesh,2023,1,anantapur,districts,2228505
andhra-pradesh,2023,1,kurnool,districts,2114023
andhra-pradesh,2023,1,"west godavari",districts,1980446
andhra-pradesh,2023,1,"spsr nellore",districts,1740294
andhra-pradesh,2023,1,prakasam,districts,1719910
andhra-pradesh,2023,1,517501,pincodes,295420
andhra-pradesh,2023,1,517507,pincodes,264456
andhra-pradesh,2023,1,515001,pincodes,231542
andhra-pradesh,2023,1,530016,pincodes,223726
andhra-pradesh,2023,1,518002,pincodes,219100
andhra-pradesh,2023,1,516001,pincodes,217104
andhra-pradesh,2023,1,516360,pincodes,197437
andhra-pradesh,2023,1,524002,pincodes,184419
andhra-pradesh,2023,1,530026,pincodes,177985
andhra-pradesh,2023,1,520010,pincodes,173156
andhra-pradesh,2023,2,visakhapatnam,districts,3877504
andhra-pradesh,2023,2,"east godavari",districts,3082893
andhra-pradesh,2023,2,krishna,districts,3054956
andhra-pradesh,2023,2,guntur,districts,3014655
andhra-pradesh,2023,2,chittoor,districts,2865250
andhra-pradesh,2023,2,anantapur,districts,2323796
andhra-pradesh,2023,2,kurnool,districts,2202517
andhra-pradesh,2023,2,"west godavari",districts,2059880
andhra-pradesh,2023,2,"spsr nellore",districts,1811781
andhra-pradesh,2023,2,prakasam,districts,1792637
andhra-pradesh,2023,2,517501,pincodes,306201
andhra-pradesh,2023,2,517507,pincodes,273955
andhra-pradesh,2023,2,515001,pincodes,240176
andhra-pradesh,2023,2,530016,pincodes,231775
andhra-pradesh,2023,2,518002,pincodes,227292
andhra-pradesh,2023,2,516001,pincodes,225126
andhra-pradesh,2023,2,516360,pincodes,204900
andhra-pradesh,2023,2,524002,pincodes,191332
andhra-pradesh,2023,2,530026,pincodes,184561
andhra-pradesh,2023,2,520001,pincodes,179439
andhra-pradesh,2023,3,visakhapatnam,districts,4035323
andhra-pradesh,2023,3,"east godavari",districts,3211557
andhra-pradesh,2023,3,krishna,districts,3177643
andhra-pradesh,2023,3,guntur,districts,3137289
andhra-pradesh,2023,3,chittoor,districts,2981337
andhra-pradesh,2023,3,anantapur,districts,2421293
andhra-pradesh,2023,3,kurnool,districts,2295754
andhra-pradesh,2023,3,"west godavari",districts,2146530
andhra-pradesh,2023,3,"spsr nellore",districts,1887005
andhra-pradesh,2023,3,prakasam,districts,1868997
andhra-pradesh,2023,3,517501,pincodes,317981
andhra-pradesh,2023,3,517507,pincodes,284487
andhra-pradesh,2023,3,515001,pincodes,249655
andhra-pradesh,2023,3,530016,pincodes,240480
andhra-pradesh,2023,3,518002,pincodes,236199
andhra-pradesh,2023,3,516001,pincodes,233874
andhra-pradesh,2023,3,516360,pincodes,213165
andhra-pradesh,2023,3,524002,pincodes,198528
andhra-pradesh,2023,3,530026,pincodes,192066
andhra-pradesh,2023,3,520001,pincodes,186511
andhra-pradesh,2023,4,visakhapatnam,districts,4180797
andhra-pradesh,2023,4,"east godavari",districts,3329036
andhra-pradesh,2023,4,krishna,districts,3291814
andhra-pradesh,2023,4,guntur,districts,3251121
andhra-pradesh,2023,4,chittoor,districts,3089391
andhra-pradesh,2023,4,anantapur,districts,2512744
andhra-pradesh,2023,4,kurnool,districts,2383042
andhra-pradesh,2023,4,"west godavari",districts,2227243
andhra-pradesh,2023,4,"spsr nellore",districts,1956706
andhra-pradesh,2023,4,prakasam,districts,1939979
andhra-pradesh,2023,4,517501,pincodes,328762
andhra-pradesh,2023,4,517507,pincodes,293894
andhra-pradesh,2023,4,515001,pincodes,258235
andhra-pradesh,2023,4,530016,pincodes,248401
andhra-pradesh,2023,4,518002,pincodes,244371
andhra-pradesh,2023,4,516001,pincodes,242054
andhra-pradesh,2023,4,516360,pincodes,220919
andhra-pradesh,2023,4,524002,pincodes,205559
andhra-pradesh,2023,4,530026,pincodes,198977
andhra-pradesh,2023,4,520001,pincodes,192934
andhra-pradesh,2024,1,visakhapatnam,districts,4349723
andhra-pradesh,2024,1,"east godavari",districts,3465605
andhra-pradesh,2024,1,krishna,districts,3423998
andhra-pradesh,2024,1,guntur,districts,3382454
andhra-pradesh,2024,1,chittoor,districts,3214678
andhra-pradesh,2024,1,anantapur,districts,2619335
andhra-pradesh,2024,1,kurnool,districts,2484451
andhra-pradesh,2024,1,"west godavari",districts,2319971
andhra-pradesh,2024,1,"spsr nellore",districts,2037823
andhra-pradesh,2024,1,prakasam,districts,2022873
andhra-pradesh,2024,1,517501,pincodes,341202
andhra-pradesh,2024,1,517507,pincodes,305041
andhra-pradesh,2024,1,515001,pincodes,268309
andhra-pradesh,2024,1,530016,pincodes,257668
andhra-pradesh,2024,1,518002,pincodes,253903
andhra-pradesh,2024,1,516001,pincodes,251394
andhra-pradesh,2024,1,516360,pincodes,229802
andhra-pradesh,2024,1,524002,pincodes,213525
andhra-pradesh,2024,1,530026,pincodes,206906
andhra-pradesh,2024,1,520001,pincodes,200608
andhra-pradesh,2024,2,visakhapatnam,districts,4515738
andhra-pradesh,2024,2,"east godavari",districts,3597667
andhra-pradesh,2024,2,krishna,districts,3552494
andhra-pradesh,2024,2,guntur,districts,3508719
andhra-pradesh,2024,2,chittoor,districts,3335024
andhra-pradesh,2024,2,anantapur,districts,2720387
andhra-pradesh,2024,2,kurnool,districts,2580812
andhra-pradesh,2024,2,"west godavari",districts,2409237
andhra-pradesh,2024,2,"spsr nellore",districts,2114324
andhra-pradesh,2024,2,prakasam,districts,2099814
andhra-pradesh,2024,2,517501,pincodes,353573
andhra-pradesh,2024,2,517507,pincodes,316010
andhra-pradesh,2024,2,515001,pincodes,278162
andhra-pradesh,2024,2,530016,pincodes,266985
andhra-pradesh,2024,2,518002,pincodes,263336
andhra-pradesh,2024,2,516001,pincodes,260257
andhra-pradesh,2024,2,516360,pincodes,238191
andhra-pradesh,2024,2,524002,pincodes,221215
andhra-pradesh,2024,2,530026,pincodes,214840
andhra-pradesh,2024,2,520001,pincodes,207237
andhra-pradesh,2024,3,visakhapatnam,districts,2487971
andhra-pradesh,2024,3,ntr,districts,1953695
andhra-pradesh,2024,3,tirupati,districts,1870882
andhra-pradesh,2024,3,guntur,districts,1695537
andhra-pradesh,2024,3,"sri potti sriramulu nellore",districts,1446214
andhra-pradesh,2024,3,ananthapuramu,districts,1320379
andhra-pradesh,2024,3,kakinada,districts,1293864
andhra-pradesh,2024,3,ysr,districts,1209820
andhra-pradesh,2024,3,kurnool,districts,1209238
andhra-pradesh,2024,3,"east godavari",districts,1167720
andhra-pradesh,2024,3,517501,pincodes,402860
andhra-pradesh,2024,3,516001,pincodes,230123
andhra-pradesh,2024,3,518002,pincodes,216907
andhra-pradesh,2024,3,515001,pincodes,200693
andhra-pradesh,2024,3,520003,pincodes,195988
andhra-pradesh,2024,3,524002,pincodes,193508
andhra-pradesh,2024,3,516360,pincodes,190164
andhra-pradesh,2024,3,520007,pincodes,190077
andhra-pradesh,2024,3,530016,pincodes,188363
andhra-pradesh,2024,3,520010,pincodes,187871
andhra-pradesh,2024,4,visakhapatnam,districts,2566650
andhra-pradesh,2024,4,ntr,districts,2010922
andhra-pradesh,2024,4,tirupati,districts,1927263
andhra-pradesh,2024,4,guntur,districts,1749346
andhra-pradesh,2024,4,"sri potti sriramulu nellore",districts,1485904
andhra-pradesh,2024,4,ananthapuramu,districts,1358486
andhra-pradesh,2024,4,kakinada,districts,1333623
andhra-pradesh,2024,4,kurnool,districts,1243710
andhra-pradesh,2024,4,ysr,districts,1242179
andhra-pradesh,2024,4,"east godavari",districts,1202680
andhra-pradesh,2024,4,517501,pincodes,418271
andhra-pradesh,2024,4,516001,pincodes,237781
andhra-pradesh,2024,4,518002,pincodes,224333
andhra-pradesh,2024,4,515001,pincodes,207830
andhra-pradesh,2024,4,520003,pincodes,202231
andhra-pradesh,2024,4,524002,pincodes,198741
andhra-pradesh,2024,4,520007,pincodes,196902
andhra-pradesh,2024,4,530016,pincodes,195477
andhra-pradesh,2024,4,516360,pincodes,194634
andhra-pradesh,2024,4,520010,pincodes,194233
arunachal-pradesh,2018,1,"papum pare",districts,7649
arunachal-pradesh,2018,1,"west kameng",districts,2202
arunachal-pradesh,2018,1,"east siang",districts,1803
arunachal-pradesh,2018,1,tawang,districts,1525
arunachal-pradesh,2018,1,changlang,districts,1208
arunachal-pradesh,2018,1,lohit,districts,1207
arunachal-pradesh,2018,1,"west siang",districts,846
arunachal-pradesh,2018,1,namsai,districts,737
arunachal-pradesh,2018,1,"lower dibang valley",districts,601
arunachal-pradesh,2018,1,"upper subansiri",districts,572
arunachal-pradesh,2018,1,791110,pincodes,2316
arunachal-pradesh,2018,1,791111,pincodes,2203
arunachal-pradesh,2018,1,791113,pincodes,1475
arunachal-pradesh,2018,1,791102,pincodes,1471
arunachal-pradesh,2018,1,790104,pincodes,1139
arunachal-pradesh,2018,1,791001,pincodes,969
arunachal-pradesh,2018,1,791109,pincodes,857
arunachal-pradesh,2018,1,792103,pincodes,829
arunachal-pradesh,2018,1,792001,pincodes,828
arunachal-pradesh,2018,1,790116,pincodes,766
arunachal-pradesh,2018,2,"papum pare",districts,11418
arunachal-pradesh,2018,2,"west kameng",districts,3442
arunachal-pradesh,2018,2,"east siang",districts,2646
arunachal-pradesh,2018,2,tawang,districts,2266
arunachal-pradesh,2018,2,changlang,districts,2014
arunachal-pradesh,2018,2,lohit,districts,1898
arunachal-pradesh,2018,2,namsai,districts,1276
arunachal-pradesh,2018,2,"west siang",districts,1224
arunachal-pradesh,2018,2,"lower dibang valley",districts,893
arunachal-pradesh,2018,2,"upper subansiri",districts,883
arunachal-pradesh,2018,2,791110,pincodes,3488
arunachal-pradesh,2018,2,791111,pincodes,3272
arunachal-pradesh,2018,2,791113,pincodes,2219
arunachal-pradesh,2018,2,791102,pincodes,2212
arunachal-pradesh,2018,2,790104,pincodes,1698
arunachal-pradesh,2018,2,792103,pincodes,1457
arunachal-pradesh,2018,2,791001,pincodes,1421
arunachal-pradesh,2018,2,792001,pincodes,1315
arunachal-pradesh,2018,2,791109,pincodes,1231
arunachal-pradesh,2018,2,790116,pincodes,1213
arunachal-pradesh,2018,3,"papum pare",districts,16009
arunachal-pradesh,2018,3,"west kameng",districts,4765
arunachal-pradesh,2018,3,"east siang",districts,3590
arunachal-pradesh,2018,3,tawang,districts,3112
arunachal-pradesh,2018,3,changlang,districts,2889
arunachal-pradesh,2018,3,lohit,districts,2612
arunachal-pradesh,2018,3,namsai,districts,1862
arunachal-pradesh,2018,3,"west siang",districts,1652
arunachal-pradesh,2018,3,"lower dibang valley",districts,1286
arunachal-pradesh,2018,3,tirap,districts,1226
arunachal-pradesh,2018,3,791110,pincodes,4872
arunachal-pradesh,2018,3,791111,pincodes,4610
arunachal-pradesh,2018,3,791113,pincodes,3178
arunachal-pradesh,2018,3,791102,pincodes,3077
arunachal-pradesh,2018,3,790104,pincodes,2328
arunachal-pradesh,2018,3,792103,pincodes,2067
arunachal-pradesh,2018,3,791001,pincodes,1907
arunachal-pradesh,2018,3,792001,pincodes,1819
arunachal-pradesh,2018,3,790116,pincodes,1623
arunachal-pradesh,2018,3,791109,pincodes,1612
arunachal-pradesh,2018,4,"papum pare",districts,21342
arunachal-pradesh,2018,4,"west kameng",districts,6492
arunachal-pradesh,2018,4,"east siang",districts,4813
arunachal-pradesh,2018,4,tawang,districts,4085
arunachal-pradesh,2018,4,changlang,districts,4036
arunachal-pradesh,2018,4,lohit,districts,3588
arunachal-pradesh,2018,4,namsai,districts,2495
arunachal-pradesh,2018,4,"west siang",districts,2117
arunachal-pradesh,2018,4,"lower dibang valley",districts,1827
arunachal-pradesh,2018,4,tirap,districts,1684
arunachal-pradesh,2018,4,791110,pincodes,6599
arunachal-pradesh,2018,4,791111,pincodes,6225
arunachal-pradesh,2018,4,791113,pincodes,4115
arunachal-pradesh,2018,4,791102,pincodes,4109
arunachal-pradesh,2018,4,790104,pincodes,3034
arunachal-pradesh,2018,4,792103,pincodes,2741
